DOI,keyword
10.1109/tvcg.2023.3327398,1
10.1109/tvcg.2023.3327398,2
10.1109/tvcg.2023.3327398,3
10.1109/tvcg.2023.3327398,4
10.1109/tvcg.2023.3327398,5
10.1109/tvcg.2023.3327195,6
10.1109/tvcg.2023.3327195,7
10.1109/tvcg.2023.3327195,8
10.1109/tvcg.2023.3327195,9
10.1109/tvcg.2023.3327195,10
10.1109/tvcg.2023.3327168,11
10.1109/tvcg.2023.3327168,12
10.1109/tvcg.2023.3327168,13
10.1109/tvcg.2023.3327168,14
10.1109/tvcg.2023.3327168,15
10.1109/tvcg.2023.3327378,16
10.1109/tvcg.2023.3327378,17
10.1109/tvcg.2023.3327378,18
10.1109/tvcg.2023.3327378,19
10.1109/tvcg.2023.3327378,20
10.1109/tvcg.2023.3327385,21
10.1109/tvcg.2023.3327385,22
10.1109/tvcg.2023.3327385,23
10.1109/tvcg.2023.3327385,24
10.1109/tvcg.2023.3327385,25
10.1109/tvcg.2023.3327396,26
10.1109/tvcg.2023.3327396,27
10.1109/tvcg.2023.3327396,1
10.1109/tvcg.2023.3327396,28
10.1109/tvcg.2023.3327396,29
10.1109/tvcg.2023.3326913,30
10.1109/tvcg.2023.3326913,31
10.1109/tvcg.2023.3326913,32
10.1109/tvcg.2023.3326913,12
10.1109/tvcg.2023.3326913,33
10.1109/tvcg.2023.3327368,34
10.1109/tvcg.2023.3327368,35
10.1109/tvcg.2023.3327368,36
10.1109/tvcg.2023.3327368,37
10.1109/tvcg.2023.3327368,38
10.1109/tvcg.2023.3327197,39
10.1109/tvcg.2023.3327197,40
10.1109/tvcg.2023.3327197,41
10.1109/tvcg.2023.3327197,42
10.1109/tvcg.2023.3327197,43
10.1109/tvcg.2023.3326517,37
10.1109/tvcg.2023.3326517,44
10.1109/tvcg.2023.3326517,45
10.1109/tvcg.2023.3326517,46
10.1109/tvcg.2023.3326517,47
10.1109/tvcg.2023.3326579,48
10.1109/tvcg.2023.3326579,49
10.1109/tvcg.2023.3326579,50
10.1109/tvcg.2023.3326579,51
10.1109/tvcg.2023.3326579,52
10.1109/tvcg.2023.3327170,53
10.1109/tvcg.2023.3327170,54
10.1109/tvcg.2023.3327170,55
10.1109/tvcg.2023.3327170,56
10.1109/tvcg.2023.3327170,57
10.1109/tvcg.2023.3326597,58
10.1109/tvcg.2023.3326597,59
10.1109/tvcg.2023.3326597,60
10.1109/tvcg.2023.3326597,61
10.1109/tvcg.2023.3326597,62
10.1109/tvcg.2023.3327163,63
10.1109/tvcg.2023.3327163,64
10.1109/tvcg.2023.3327163,65
10.1109/tvcg.2023.3327163,66
10.1109/tvcg.2023.3327163,67
10.1109/tvcg.2023.3327356,68
10.1109/tvcg.2023.3327356,69
10.1109/tvcg.2023.3327356,70
10.1109/tvcg.2023.3327356,71
10.1109/tvcg.2023.3327356,72
10.1109/tvcg.2023.3327363,73
10.1109/tvcg.2023.3327363,74
10.1109/tvcg.2023.3327363,75
10.1109/tvcg.2023.3327363,76
10.1109/tvcg.2023.3327363,77
10.1109/tvcg.2023.3326929,78
10.1109/tvcg.2023.3326929,79
10.1109/tvcg.2023.3326929,80
10.1109/tvcg.2023.3326929,81
10.1109/tvcg.2023.3326929,82
10.1109/tvcg.2023.3326598,83
10.1109/tvcg.2023.3326598,84
10.1109/tvcg.2023.3326598,85
10.1109/tvcg.2023.3326598,86
10.1109/tvcg.2023.3326598,87
10.1109/tvcg.2023.3326937,88
10.1109/tvcg.2023.3326937,89
10.1109/tvcg.2023.3326937,90
10.1109/tvcg.2023.3326937,91
10.1109/tvcg.2023.3326937,92
10.1109/tvcg.2023.3327393,93
10.1109/tvcg.2023.3327393,88
10.1109/tvcg.2023.3327393,94
10.1109/tvcg.2023.3327393,95
10.1109/tvcg.2023.3327393,96
10.1109/tvcg.2023.3327194,97
10.1109/tvcg.2023.3327194,98
10.1109/tvcg.2023.3327194,60
10.1109/tvcg.2023.3327194,99
10.1109/tvcg.2023.3327194,74
10.1109/tvcg.2023.3326594,100
10.1109/tvcg.2023.3326594,101
10.1109/tvcg.2023.3326594,102
10.1109/tvcg.2023.3326594,103
10.1109/tvcg.2023.3326594,104
10.1109/tvcg.2023.3327185,105
10.1109/tvcg.2023.3327185,72
10.1109/tvcg.2023.3327185,106
10.1109/tvcg.2023.3327185,107
10.1109/tvcg.2023.3327185,108
10.1109/tvcg.2023.3327367,109
10.1109/tvcg.2023.3327367,110
10.1109/tvcg.2023.3327367,111
10.1109/tvcg.2023.3327367,112
10.1109/tvcg.2023.3327367,113
10.1109/tvcg.2023.3327158,114
10.1109/tvcg.2023.3327158,115
10.1109/tvcg.2023.3327158,116
10.1109/tvcg.2023.3327158,117
10.1109/tvcg.2023.3327158,118
10.1109/tvcg.2023.3326520,119
10.1109/tvcg.2023.3326520,120
10.1109/tvcg.2023.3326520,121
10.1109/tvcg.2023.3326520,122
10.1109/tvcg.2023.3326520,123
10.1109/tvcg.2023.3326904,124
10.1109/tvcg.2023.3326904,125
10.1109/tvcg.2023.3326904,126
10.1109/tvcg.2023.3326904,127
10.1109/tvcg.2023.3326904,128
10.1109/tvcg.2023.3326522,129
10.1109/tvcg.2023.3326522,130
10.1109/tvcg.2023.3326522,32
10.1109/tvcg.2023.3326522,131
10.1109/tvcg.2023.3326522,132
10.1109/tvcg.2023.3326525,133
10.1109/tvcg.2023.3326525,134
10.1109/tvcg.2023.3326525,135
10.1109/tvcg.2023.3326525,118
10.1109/tvcg.2023.3326525,136
10.1109/tvcg.2023.3327200,137
10.1109/tvcg.2023.3327200,138
10.1109/tvcg.2023.3327200,139
10.1109/tvcg.2023.3327200,85
10.1109/tvcg.2023.3327200,140
10.1109/tvcg.2023.3327201,141
10.1109/tvcg.2023.3327201,142
10.1109/tvcg.2023.3327201,143
10.1109/tvcg.2023.3327201,144
10.1109/tvcg.2023.3327201,145
10.1109/tvcg.2023.3326586,146
10.1109/tvcg.2023.3326586,147
10.1109/tvcg.2023.3326586,15
10.1109/tvcg.2023.3326586,148
10.1109/tvcg.2023.3326586,149
10.1109/tvcg.2023.3327161,150
10.1109/tvcg.2023.3327161,151
10.1109/tvcg.2023.3327161,152
10.1109/tvcg.2023.3327161,153
10.1109/tvcg.2023.3327161,154
10.1109/tvcg.2023.3326593,155
10.1109/tvcg.2023.3326593,156
10.1109/tvcg.2023.3326593,157
10.1109/tvcg.2023.3326593,158
10.1109/tvcg.2023.3326593,159
10.1109/tvcg.2023.3327387,160
10.1109/tvcg.2023.3327387,161
10.1109/tvcg.2023.3327387,162
10.1109/tvcg.2023.3327387,163
10.1109/tvcg.2023.3327387,164
10.1109/tvcg.2023.3326600,165
10.1109/tvcg.2023.3326600,61
10.1109/tvcg.2023.3326600,166
10.1109/tvcg.2023.3326600,140
10.1109/tvcg.2023.3326600,167
10.1109/tvcg.2023.3326943,168
10.1109/tvcg.2023.3326943,169
10.1109/tvcg.2023.3326943,170
10.1109/tvcg.2023.3326943,171
10.1109/tvcg.2023.3326943,172
10.1109/tvcg.2023.3327187,61
10.1109/tvcg.2023.3327187,145
10.1109/tvcg.2023.3327187,173
10.1109/tvcg.2023.3327187,174
10.1109/tvcg.2023.3327187,140
10.1109/tvcg.2023.3327371,175
10.1109/tvcg.2023.3327371,176
10.1109/tvcg.2023.3327371,177
10.1109/tvcg.2023.3327371,178
10.1109/tvcg.2023.3327371,179
10.1109/tvcg.2023.3326934,180
10.1109/tvcg.2023.3326934,181
10.1109/tvcg.2023.3326934,182
10.1109/tvcg.2023.3326934,183
10.1109/tvcg.2023.3326934,184
